{"cameraMode":{"drawMode":0,"name":"Shaded","section":"Shading Mode"},"sceneLighting":true,"audioPlay":false,"sceneViewState":{"m_AlwaysRefresh":false,"showFog":true,"showSkybox":true,"showFlares":true,"showImageEffects":true,"showParticleSystems":true,"showVisualEffectGraphs":true,"m_FxEnabled":true},"in2DMode":false,"pivot":{"x":34.470245361328128,"y":16.435714721679689,"z":-31.078916549682618},"rotation":{"x":0.39652958512306216,"y":0.08271829783916474,"z":-0.03590285778045654,"w":0.9135846495628357},"size":14.567131996154786,"orthographic":false}